-- MySQL dump 10.13  Distrib 5.5.24, for debian-linux-gnu (i686)
--
-- Host: localhost    Database: eshop
-- ------------------------------------------------------
-- Server version	5.5.24-0ubuntu0.12.04.1

/*!40101 SET @OLD_CHARACTER_SET_CLIENT=@@CHARACTER_SET_CLIENT */;
/*!40101 SET @OLD_CHARACTER_SET_RESULTS=@@CHARACTER_SET_RESULTS */;
/*!40101 SET @OLD_COLLATION_CONNECTION=@@COLLATION_CONNECTION */;
/*!40101 SET NAMES utf8 */;
/*!40103 SET @OLD_TIME_ZONE=@@TIME_ZONE */;
/*!40103 SET TIME_ZONE='+00:00' */;
/*!40014 SET @OLD_UNIQUE_CHECKS=@@UNIQUE_CHECKS, UNIQUE_CHECKS=0 */;
/*!40014 SET @OLD_FOREIGN_KEY_CHECKS=@@FOREIGN_KEY_CHECKS, FOREIGN_KEY_CHECKS=0 */;
/*!40101 SET @OLD_SQL_MODE=@@SQL_MODE, SQL_MODE='NO_AUTO_VALUE_ON_ZERO' */;
/*!40111 SET @OLD_SQL_NOTES=@@SQL_NOTES, SQL_NOTES=0 */;

--
-- Table structure for table `catalog`
--

USE locumtes_nasta88;
DROP TABLE IF EXISTS `catalog`;
/*!40101 SET @saved_cs_client     = @@character_set_client */;
/*!40101 SET character_set_client = utf8 */;
CREATE TABLE `catalog` (
  `id` int(11) NOT NULL AUTO_INCREMENT,
  `title` text,
  `url` text,
  `desc` text,
  `content` text,
  PRIMARY KEY (`id`)
) ENGINE=InnoDB AUTO_INCREMENT=7 DEFAULT CHARSET=utf8;
/*!40101 SET character_set_client = @saved_cs_client */;

--
-- Dumping data for table `catalog`
--

LOCK TABLES `catalog` WRITE;
/*!40000 ALTER TABLE `catalog` DISABLE KEYS */;
INSERT INTO `catalog` VALUES (1,'Пристенные спортивные комплексы','dsk-wall','Домашний спортивный комплекс (ДСК) - это повод папе оторваться от компьютера, а маме от телевизора, ведь спорткомплекс выдерживает вес и взрослого человека. Вспомните себя в детстве, как вам нравилось лазить по деревьям. Их сейчас становится все меньше во дворах. Пусть вашим малышам будет на чем виснуть и скакать, вместо маминых рук и папиных плеч.<br/>\r\nМы предлагаем спортивные комплексы двух видов крепления:<br /><strong>распорный</strong> комплекс устанавливается между полом и потолком, которые имеют капитальную основу<br /><strong>пристенный</strong> комплекс крепится только к несущим стенам',''),(2,'Распорные спорткомплексы','dsk-slide','Нет времени посещать спортивный зал? Устройте его дома! Для этого достаточно всего лишь выделить часть комнаты и установить спортивный комплекс для дома. Занимаясь ежедневно, Вы укрепляете и развиваете мускулатуру, тренируете и оздоравливаете свой организм. Занятия на таких спортивных комплексах могут выполнять и дети, и взрослые.</p>\n<p>Домашний спортивный комплекс (ДСК) - это повод папе оторваться от компьютера, а маме от телевизора, ведь спорткомплекс выдерживает вес и взрослого человека. Вспомните себя в детстве, как вам нравилось лазить по деревьям. Их сейчас становится все меньше во дворах. Пусть вашим малышам будет на чем виснуть и скакать, вместо маминых рук и папиных плеч.</p>\n<p>Мы предлагаем спортивные комплексы двух видов крепления:<br /><strong>распорный</strong> комплекс устанавливается между полом и потолком, которые имеют капитальную основу<br /><strong>пристенный</strong> комплекс крепится только к несущим стенам',NULL),(3,'Гарантия и возврат','warranty','Мы тщательно следим за качеством товара который продаем. Но если у вас возникли сомнения к качеству товара или же вы просто охладели к покупке, мы примем товар обратно в соответствии с законодательством РФ. Достаточно связаться с менеджером магазина по тел.: +7 (391) 29-202-29 или по другим <a href=\"/about/stores/\">доступным контактам</a>.','<h4>Возврат качественного товара</h4>\r\n<blockquote>\r\n<p>\r\n“Потребитель имеет право на обмен непродовольственного товара надлежащего качества в течение четырнадцати дней, не считая дня его покупки. \r\nОбмен непродовольственного товара надлежащего качества проводится, если указанный товар не был в употреблении, сохранены его товарный вид, потребительские свойства, пломбы, фабричные ярлыки, а также имеется товарный чек или кассовый чек либо иной подтверждающий оплату указанного товара документ. Отсутствие у потребителя товарного чека или кассового чека либо иного подтверждающего оплату товара документа не лишает его возможности ссылаться на свидетельские показания”</p>\r\n<small>\r\nп.1, ст. 25, Закон РФ от 07.02.1992 N 2300-1\r\n<a href=\"http://www.consultant.ru/online/base/?req=doc;base=LAW;n=115639;p=2\" target=_blank>ссылка на статью закона</a>\r\n</small>\r\n</blockquote>\r\n\r\n<h4>Возврат некачественного товара</h4>\r\n<blockquote>\r\n<p>\r\n“В случае обнаружения потребителем недостатков товара и предъявления требования о его замене продавец (изготовитель, уполномоченная организация или уполномоченный индивидуальный предприниматель, импортер) обязан заменить такой товар в течение семи дней со дня предъявления указанного требования потребителем, а при необходимости дополнительной проверки качества такого товара продавцом (изготовителем, уполномоченной организацией или уполномоченным индивидуальным предпринимателем, импортером) - в течение двадцати дней со дня предъявления указанного требования.”</p>\r\n<small> \r\nп.1, ст. 21, Закон РФ от 07.02.1992 N 2300-1\r\n<a href=\"http://www.consultant.ru/online/base/?req=doc;base=LAW;n=115639;p=2\" target=_blank>ссылка на статью закона</a>\r\n</small>\r\n</blockquote>'),(4,'Адреса магазинов','stores','Заказы в интернет-магазине <a href=\"http://настарт.рф\" rel=nofollow>\"На Старт.рф\"</a> обрабатываются круглосуточно без выходных.','<address><h4>Красноярск</h4>\r\nул. Ленинградская,11, оф.1-08<br/>\r\nГрафик работы: Пн.-Сб.<br/>\r\nВремя работы: 10:00 до 20:00<br/>\r\nКонтактные телефоны: +7 (391) 29-202-29, +7 908 208 7328<br/>\r\nЭлектронная почта: <a href=\"mailto:hello@nastartshop.ru\" title=\"Электронная почта\">hello@nastartshop.ru</a><br/>\r\n</address>\r\n\r\n<address><h4>пос. Подгорный</h4>\r\nул. Строительная, 27б<br/>\r\nГрафик работы: Пн.-Сб.<br/>\r\nВремя работы: 10:00 до 18:00<br/>\r\nКонтактные телефоны: +7 (391) 29-202-29, +7 913 512 9999<br/>\r\nЭлектронная почта: hello@nastartshop.ru<br/>\r\n</address>\r\n\r\n<div id=\"map1\">\r\n<script charset=\"utf-8\" type=\"text/javascript\" src=\"http://firmsonmap.api.2gis.ru/js/DGWidgetLoader.js\"></script>\r\n<script charset=\"utf-8\" type=\"text/javascript\">new DGWidgetLoader({\"borderColor\":\"#a3a3a3\",\"width\":\"600\",\"height\":\"500\",\"wid\":\"cfe8a21d041769ae4326d0643f30e1df\",\"pos\":{\"lon\":\"92.780063584101\",\"lat\":\"55.999668182251\",\"zoom\":\"17\"},\"opt\":{\"ref\":\"hidden\",\"card\":[\"name\",\"contacts\",\"schedule\",\"payings\",\"flamp\"],\"city\":\"krasnoyarsk\"},\"org\":[{\"id\":\"985690700276675\",\"hash\":\"7f22uv6B03G2e7B47B69G2A6764a34C88H2HBAegcqA01978G4546890B44J386\"}]});</script>\r\n<noscript style=\"color:#c00;font-size:16px;font-weight:bold;\">Виджет карты использует JavaScript. Включите его в настройках вашего браузера.</noscript>\r\n</div>\r\n\r\n<address><h4>Реквизиты юридического лица</h4>\r\nООО «Электронный маркетинг»<br/>\r\nОГРН 1092468020743<br/>\r\nИНН 2463213306 / КПП 246301001<br/>\r\nр/с 40702810500600002469<br/>\r\nв Красноярском филиале ОАО \"Банк Москвы\" г.Красноярск<br/>\r\nБИК 040407967<br/>\r\nк/с 30101810900000000967<br/>\r\nЮридический адрес: 660028, Красноярский край, Красноярск г, Телевизорная ул, д. 1, кор. 9<br/>\r\nПочтовый адрес: 660028, г. Красноярск, а/я 11939<br/>\r\n</address>'),(5,'Доставка и оплата','delivery-and-payment','&nbsp;','<h4>Варианты оплаты</h4>\r\n<ul>\r\n<li>наличными курьеру или в пунктах самовывоза</li>\r\n<li>безналичный расчет (квитанция Сбербанка)</li>\r\n</ul>\r\n\r\n<h4>Курьерская доставка</h4>\r\n<ul>\r\n<li>по Красноярску: 120 руб.; бесплатно при заказе от 800 руб.</li>\r\n<li>в удаленные районы г. Красноярска (Северный, Ленинский): 200 руб.</li>\r\n<li>Дивногорск, Сосновоборск, Железногорск, Березовка: 450 руб.</li>\r\n<li>EMS Почта России, в соответствии с <a href=\"http://www.emspost.ru/ru/express_delivery/delivery_in_russia/\" target=_blank>тарифами</a></li>\r\n</ul>'),(6,'Трёхколесные велосипеды','bikes','Велосипеды для самых маленьких велосипедистов. Возраст от года до трёх лет.','');
/*!40000 ALTER TABLE `catalog` ENABLE KEYS */;
UNLOCK TABLES;

--
-- Table structure for table `delivery`
--

DROP TABLE IF EXISTS `delivery`;
/*!40101 SET @saved_cs_client     = @@character_set_client */;
/*!40101 SET character_set_client = utf8 */;
CREATE TABLE `delivery` (
  `id` int(11) NOT NULL AUTO_INCREMENT,
  `link` text CHARACTER SET latin1,
  PRIMARY KEY (`id`)
) ENGINE=InnoDB AUTO_INCREMENT=3 DEFAULT CHARSET=utf8;
/*!40101 SET character_set_client = @saved_cs_client */;

--
-- Dumping data for table `delivery`
--

LOCK TABLES `delivery` WRITE;
/*!40000 ALTER TABLE `delivery` DISABLE KEYS */;
INSERT INTO `delivery` VALUES (1,'store'),(2,'courier');
/*!40000 ALTER TABLE `delivery` ENABLE KEYS */;
UNLOCK TABLES;

--
-- Table structure for table `item`
--

DROP TABLE IF EXISTS `item`;
/*!40101 SET @saved_cs_client     = @@character_set_client */;
/*!40101 SET character_set_client = utf8 */;
CREATE TABLE `item` (
  `id` int(11) NOT NULL AUTO_INCREMENT,
  `productid` int(11) DEFAULT NULL,
  `title` text,
  `count` int(11) DEFAULT NULL,
  `price` int(11) DEFAULT NULL,
  `orderid` int(11) DEFAULT NULL,
  PRIMARY KEY (`id`),
  KEY `item_fk1` (`orderid`),
  CONSTRAINT `item_fk1` FOREIGN KEY (`orderid`) REFERENCES `orders` (`id`) ON DELETE CASCADE ON UPDATE CASCADE
) ENGINE=InnoDB AUTO_INCREMENT=53 DEFAULT CHARSET=utf8;
/*!40101 SET character_set_client = @saved_cs_client */;

--
-- Dumping data for table `item`
--

LOCK TABLES `item` WRITE;
/*!40000 ALTER TABLE `item` DISABLE KEYS */;
INSERT INTO `item` VALUES (38,1,'ДСК \"Стелла\" - 1С',2,3440,38),(39,2,'Велосипед 3-х колёсный \"Бамбино\" (Т12)',3,5250,38),(40,2,'Велосипед 3-х колёсный \"Бамбино\" (Т12)',1,5250,39),(41,1,'ДСК \"Стелла\" - 1С',1,3440,40),(42,2,'Велосипед 3-х колёсный \"Бамбино\" (Т12)',2,5250,40),(43,1,'ДСК \"Стелла\" - 1С',1,3440,41),(44,2,'Велосипед 3-х колёсный \"Бамбино\" (Т12)',2,5250,41),(45,1,'ДСК \"Стелла\" - 1С',1,3440,42),(46,2,'Велосипед 3-х колёсный \"Бамбино\" (Т12)',1,5250,42),(47,2,'Велосипед 3-х колёсный \"Бамбино\" (Т12)',1,5250,43),(48,2,'Велосипед 3-х колёсный \"Бамбино\" (Т12)',2,5250,44),(49,1,'ДСК \"Стелла\" - 1С',1,3440,45),(50,1,'ДСК \"Стелла\" - 1С',1,3440,46),(51,1,'ДСК \"Стелла\" - 1С',1,3440,47),(52,2,'Велосипед 3-х колёсный \"Бамбино\" (Т12)',1,5250,47);
/*!40000 ALTER TABLE `item` ENABLE KEYS */;
UNLOCK TABLES;

--
-- Table structure for table `orders`
--

DROP TABLE IF EXISTS `orders`;
/*!40101 SET @saved_cs_client     = @@character_set_client */;
/*!40101 SET character_set_client = utf8 */;
CREATE TABLE `orders` (
  `id` int(11) NOT NULL AUTO_INCREMENT,
  `person` text CHARACTER SET latin1,
  `tel` text CHARACTER SET latin1,
  `email` text CHARACTER SET latin1,
  `address` text CHARACTER SET latin1,
  `deliveryid` int(11) DEFAULT NULL,
  `paymentid` int(11) DEFAULT NULL,
  `sysdate` datetime DEFAULT NULL,
  `sign` text CHARACTER SET latin1,
  PRIMARY KEY (`id`),
  KEY `orders_fk1` (`deliveryid`),
  KEY `orders_fk2` (`paymentid`),
  CONSTRAINT `orders_fk1` FOREIGN KEY (`deliveryid`) REFERENCES `delivery` (`id`),
  CONSTRAINT `orders_fk2` FOREIGN KEY (`paymentid`) REFERENCES `payment` (`id`)
) ENGINE=InnoDB AUTO_INCREMENT=48 DEFAULT CHARSET=utf8;
/*!40101 SET character_set_client = @saved_cs_client */;

--
-- Dumping data for table `orders`
--

LOCK TABLES `orders` WRITE;
/*!40000 ALTER TABLE `orders` DISABLE KEYS */;
INSERT INTO `orders` VALUES (38,'?????? ??????????','11','sviridenko.maxim@gmail.com','??????????????',1,1,'2012-06-15 16:16:46','unFxWI9GFPbB3atG'),(39,'Maxim','sd','sviridenko.maxim@gmail.com','',1,1,'2012-06-16 15:20:38','p2wQPfq8TkHNJMq'),(40,'Maxim','+79080321768','sviridenko@mail.ru','',2,1,'2012-06-16 19:04:22','ki7S9Hr7INDcOhJ'),(41,NULL,'+79082878','msvirid@mail.ru','',1,1,'2012-06-19 18:51:35','MXEWC9LD68JY'),(42,NULL,'????','msvirid@mail.ru','',1,1,'2012-06-20 10:56:50','G8HbPnqXRlt'),(43,NULL,'11','sviridenko.maxim@gmail.com','',1,1,'2012-06-20 11:09:28','VZum5'),(44,NULL,'11','sviridenko.maxim@gmail.com','',1,1,'2012-06-20 13:30:18','WfDVoVQBv9pFI'),(45,NULL,'12312','sviridenko@mail.ru','',1,1,'2012-06-20 15:12:35','tapdoLOwdd'),(46,NULL,'+79814654652','','',2,1,'2012-06-25 10:14:01','cQIoKgC1'),(47,NULL,'123412412','','',1,1,'2012-06-25 11:19:19','vtybjjZnwc8wiwCU');
/*!40000 ALTER TABLE `orders` ENABLE KEYS */;
UNLOCK TABLES;

--
-- Table structure for table `payment`
--

DROP TABLE IF EXISTS `payment`;
/*!40101 SET @saved_cs_client     = @@character_set_client */;
/*!40101 SET character_set_client = utf8 */;
CREATE TABLE `payment` (
  `id` int(11) NOT NULL AUTO_INCREMENT,
  `link` text CHARACTER SET latin1,
  PRIMARY KEY (`id`)
) ENGINE=InnoDB AUTO_INCREMENT=3 DEFAULT CHARSET=utf8;
/*!40101 SET character_set_client = @saved_cs_client */;

--
-- Dumping data for table `payment`
--

LOCK TABLES `payment` WRITE;
/*!40000 ALTER TABLE `payment` DISABLE KEYS */;
INSERT INTO `payment` VALUES (1,'cash'),(2,'check');
/*!40000 ALTER TABLE `payment` ENABLE KEYS */;
UNLOCK TABLES;

--
-- Table structure for table `product`
--

DROP TABLE IF EXISTS `product`;
/*!40101 SET @saved_cs_client     = @@character_set_client */;
/*!40101 SET character_set_client = utf8 */;
CREATE TABLE `product` (
  `id` int(11) NOT NULL AUTO_INCREMENT,
  `desc` text,
  `set` text,
  `features` text,
  `image` tinytext,
  `url` text CHARACTER SET latin1,
  `title` tinytext,
  `price` int(11) DEFAULT NULL,
  `instore` int(11) DEFAULT NULL,
  `anonse` varchar(120) DEFAULT NULL,
  `caturl` varchar(45) DEFAULT NULL,
  PRIMARY KEY (`id`)
) ENGINE=InnoDB AUTO_INCREMENT=3 DEFAULT CHARSET=utf8;
/*!40101 SET character_set_client = @saved_cs_client */;

--
-- Dumping data for table `product`
--

LOCK TABLES `product` WRITE;
/*!40000 ALTER TABLE `product` DISABLE KEYS */;
INSERT INTO `product` VALUES (1,'Детский домашний спорткомплекс \"Орленок-1А плюс+\" Обрезиненные перекладины лестницы обеспечат комфорт и безопасность.','лестница#кольца#канат','Ширина комплекса:525 мм#Ширина турника:950 мм#Ширина металлической перекладины: 450 мм#Высота комплекса: 2300 мм#Высота турника регулируется:от 1560 до 2020 мм','0','orlenok-1c','ДСК \"Стелла\" - 1С',3440,1,'Спортивный комплекс широкого применения, для всех возрастов','dsk-wall'),(2,'Трехколесный велосипед повышенной комфортности','Корзина#Солнцезащитный тент#Металлическая рама#\"Родительская\" ручка управления#Поддон для ног#Страховочный обод#Мягкая резина','','1','stella-1cplus','Велосипед 3-х колёсный \"Бамбино\" (Т12)',5250,1,'Трехколосный вездеход для малышей','dsk-wall');
/*!40000 ALTER TABLE `product` ENABLE KEYS */;
UNLOCK TABLES;
/*!40103 SET TIME_ZONE=@OLD_TIME_ZONE */;

/*!40101 SET SQL_MODE=@OLD_SQL_MODE */;
/*!40014 SET FOREIGN_KEY_CHECKS=@OLD_FOREIGN_KEY_CHECKS */;
/*!40014 SET UNIQUE_CHECKS=@OLD_UNIQUE_CHECKS */;
/*!40101 SET CHARACTER_SET_CLIENT=@OLD_CHARACTER_SET_CLIENT */;
/*!40101 SET CHARACTER_SET_RESULTS=@OLD_CHARACTER_SET_RESULTS */;
/*!40101 SET COLLATION_CONNECTION=@OLD_COLLATION_CONNECTION */;
/*!40111 SET SQL_NOTES=@OLD_SQL_NOTES */;

-- Dump completed on 2012-06-26 11:01:43
