-- MySQL dump 10.13  Distrib 5.5.24, for debian-linux-gnu (i686)
--
-- Host: localhost    Database: eshop
-- ------------------------------------------------------
-- Server version	5.5.24-0ubuntu0.12.04.1

/*!40101 SET @OLD_CHARACTER_SET_CLIENT=@@CHARACTER_SET_CLIENT */;
/*!40101 SET @OLD_CHARACTER_SET_RESULTS=@@CHARACTER_SET_RESULTS */;
/*!40101 SET @OLD_COLLATION_CONNECTION=@@COLLATION_CONNECTION */;
/*!40101 SET NAMES utf8 */;
/*!40103 SET @OLD_TIME_ZONE=@@TIME_ZONE */;
/*!40103 SET TIME_ZONE='+00:00' */;
/*!40014 SET @OLD_UNIQUE_CHECKS=@@UNIQUE_CHECKS, UNIQUE_CHECKS=0 */;
/*!40014 SET @OLD_FOREIGN_KEY_CHECKS=@@FOREIGN_KEY_CHECKS, FOREIGN_KEY_CHECKS=0 */;
/*!40101 SET @OLD_SQL_MODE=@@SQL_MODE, SQL_MODE='NO_AUTO_VALUE_ON_ZERO' */;
/*!40111 SET @OLD_SQL_NOTES=@@SQL_NOTES, SQL_NOTES=0 */;

--
-- Table structure for table `catalog`
--

DROP TABLE IF EXISTS `catalog`;
/*!40101 SET @saved_cs_client     = @@character_set_client */;
/*!40101 SET character_set_client = utf8 */;
CREATE TABLE `catalog` (
  `id` int(11) NOT NULL AUTO_INCREMENT,
  `title` text,
  `url` text,
  `desc` text,
  PRIMARY KEY (`id`)
) ENGINE=InnoDB AUTO_INCREMENT=3 DEFAULT CHARSET=utf8;
/*!40101 SET character_set_client = @saved_cs_client */;

--
-- Dumping data for table `catalog`
--

LOCK TABLES `catalog` WRITE;
/*!40000 ALTER TABLE `catalog` DISABLE KEYS */;
INSERT INTO `catalog` VALUES (1,'Пристенные спортивные комплексы','dsk-wall','<p>Домашний спортивный комплекс (ДСК) - это повод папе оторваться от компьютера, а маме от телевизора, ведь спорткомплекс выдерживает вес и взрослого человека. Вспомните себя в детстве, как вам нравилось лазить по деревьям. Их сейчас становится все меньше во дворах. Пусть вашим малышам будет на чем виснуть и скакать, вместо маминых рук и папиных плеч.</p>\n<p>Мы предлагаем спортивные комплексы двух видов крепления:<br /><strong>распорный</strong> комплекс устанавливается между полом и потолком, которые имеют капитальную основу<br /><strong>пристенный</strong> комплекс крепится только к несущим стенам</p>'),(2,'Распорные спорткомплексы','dsk-slide','<p>Нет времени посещать спортивный зал? Устройте его дома! Для этого достаточно всего лишь выделить часть комнаты и установить спортивный комплекс для дома. Занимаясь ежедневно, Вы укрепляете и развиваете мускулатуру, тренируете и оздоравливаете свой организм. Занятия на таких спортивных комплексах могут выполнять и дети, и взрослые.</p>\n<p>Домашний спортивный комплекс (ДСК) - это повод папе оторваться от компьютера, а маме от телевизора, ведь спорткомплекс выдерживает вес и взрослого человека. Вспомните себя в детстве, как вам нравилось лазить по деревьям. Их сейчас становится все меньше во дворах. Пусть вашим малышам будет на чем виснуть и скакать, вместо маминых рук и папиных плеч.</p>\n<p>Мы предлагаем спортивные комплексы двух видов крепления:<br /><strong>распорный</strong> комплекс устанавливается между полом и потолком, которые имеют капитальную основу<br /><strong>пристенный</strong> комплекс крепится только к несущим стенам</p>');
/*!40000 ALTER TABLE `catalog` ENABLE KEYS */;
UNLOCK TABLES;

--
-- Table structure for table `delivery`
--

DROP TABLE IF EXISTS `delivery`;
/*!40101 SET @saved_cs_client     = @@character_set_client */;
/*!40101 SET character_set_client = utf8 */;
CREATE TABLE `delivery` (
  `id` int(11) NOT NULL AUTO_INCREMENT,
  `link` text CHARACTER SET latin1,
  PRIMARY KEY (`id`)
) ENGINE=InnoDB AUTO_INCREMENT=3 DEFAULT CHARSET=utf8;
/*!40101 SET character_set_client = @saved_cs_client */;

--
-- Dumping data for table `delivery`
--

LOCK TABLES `delivery` WRITE;
/*!40000 ALTER TABLE `delivery` DISABLE KEYS */;
INSERT INTO `delivery` VALUES (1,'store'),(2,'courier');
/*!40000 ALTER TABLE `delivery` ENABLE KEYS */;
UNLOCK TABLES;

--
-- Table structure for table `item`
--

DROP TABLE IF EXISTS `item`;
/*!40101 SET @saved_cs_client     = @@character_set_client */;
/*!40101 SET character_set_client = utf8 */;
CREATE TABLE `item` (
  `id` int(11) NOT NULL AUTO_INCREMENT,
  `productid` int(11) DEFAULT NULL,
  `title` text,
  `count` int(11) DEFAULT NULL,
  `price` int(11) DEFAULT NULL,
  `orderid` int(11) DEFAULT NULL,
  PRIMARY KEY (`id`),
  KEY `item_fk1` (`orderid`),
  CONSTRAINT `item_fk1` FOREIGN KEY (`orderid`) REFERENCES `orders` (`id`) ON DELETE CASCADE ON UPDATE CASCADE
) ENGINE=InnoDB AUTO_INCREMENT=43 DEFAULT CHARSET=utf8;
/*!40101 SET character_set_client = @saved_cs_client */;

--
-- Dumping data for table `item`
--

LOCK TABLES `item` WRITE;
/*!40000 ALTER TABLE `item` DISABLE KEYS */;
INSERT INTO `item` VALUES (38,1,'ДСК \"Стелла\" - 1С',2,3440,38),(39,2,'Велосипед 3-х колёсный \"Бамбино\" (Т12)',3,5250,38),(40,2,'Велосипед 3-х колёсный \"Бамбино\" (Т12)',1,5250,39),(41,1,'ДСК \"Стелла\" - 1С',1,3440,40),(42,2,'Велосипед 3-х колёсный \"Бамбино\" (Т12)',2,5250,40);
/*!40000 ALTER TABLE `item` ENABLE KEYS */;
UNLOCK TABLES;

--
-- Table structure for table `orders`
--

DROP TABLE IF EXISTS `orders`;
/*!40101 SET @saved_cs_client     = @@character_set_client */;
/*!40101 SET character_set_client = utf8 */;
CREATE TABLE `orders` (
  `id` int(11) NOT NULL AUTO_INCREMENT,
  `person` text CHARACTER SET latin1,
  `tel` text CHARACTER SET latin1,
  `email` text CHARACTER SET latin1,
  `address` text CHARACTER SET latin1,
  `deliveryid` int(11) DEFAULT NULL,
  `paymentid` int(11) DEFAULT NULL,
  `sysdate` datetime DEFAULT NULL,
  `sign` text CHARACTER SET latin1,
  PRIMARY KEY (`id`),
  KEY `orders_fk1` (`deliveryid`),
  KEY `orders_fk2` (`paymentid`),
  CONSTRAINT `orders_fk1` FOREIGN KEY (`deliveryid`) REFERENCES `delivery` (`id`),
  CONSTRAINT `orders_fk2` FOREIGN KEY (`paymentid`) REFERENCES `payment` (`id`)
) ENGINE=InnoDB AUTO_INCREMENT=41 DEFAULT CHARSET=utf8;
/*!40101 SET character_set_client = @saved_cs_client */;

--
-- Dumping data for table `orders`
--

LOCK TABLES `orders` WRITE;
/*!40000 ALTER TABLE `orders` DISABLE KEYS */;
INSERT INTO `orders` VALUES (38,'?????? ??????????','11','sviridenko.maxim@gmail.com','??????????????',1,1,'2012-06-15 16:16:46','unFxWI9GFPbB3atG'),(39,'Maxim','sd','sviridenko.maxim@gmail.com','',1,1,'2012-06-16 15:20:38','p2wQPfq8TkHNJMq'),(40,'Maxim','+79080321768','sviridenko@mail.ru','',2,1,'2012-06-16 19:04:22','ki7S9Hr7INDcOhJ');
/*!40000 ALTER TABLE `orders` ENABLE KEYS */;
UNLOCK TABLES;

--
-- Table structure for table `payment`
--

DROP TABLE IF EXISTS `payment`;
/*!40101 SET @saved_cs_client     = @@character_set_client */;
/*!40101 SET character_set_client = utf8 */;
CREATE TABLE `payment` (
  `id` int(11) NOT NULL AUTO_INCREMENT,
  `link` text CHARACTER SET latin1,
  PRIMARY KEY (`id`)
) ENGINE=InnoDB AUTO_INCREMENT=3 DEFAULT CHARSET=utf8;
/*!40101 SET character_set_client = @saved_cs_client */;

--
-- Dumping data for table `payment`
--

LOCK TABLES `payment` WRITE;
/*!40000 ALTER TABLE `payment` DISABLE KEYS */;
INSERT INTO `payment` VALUES (1,'cash'),(2,'check');
/*!40000 ALTER TABLE `payment` ENABLE KEYS */;
UNLOCK TABLES;

--
-- Table structure for table `product`
--

DROP TABLE IF EXISTS `product`;
/*!40101 SET @saved_cs_client     = @@character_set_client */;
/*!40101 SET character_set_client = utf8 */;
CREATE TABLE `product` (
  `id` int(11) NOT NULL AUTO_INCREMENT,
  `desc` text,
  `set` text,
  `features` text,
  `image` tinytext,
  `url` text CHARACTER SET latin1,
  `title` tinytext,
  `price` int(11) DEFAULT NULL,
  `instore` int(11) DEFAULT NULL,
  `anonse` varchar(120) DEFAULT NULL,
  `caturl` varchar(45) DEFAULT NULL,
  PRIMARY KEY (`id`)
) ENGINE=InnoDB AUTO_INCREMENT=3 DEFAULT CHARSET=utf8;
/*!40101 SET character_set_client = @saved_cs_client */;

--
-- Dumping data for table `product`
--

LOCK TABLES `product` WRITE;
/*!40000 ALTER TABLE `product` DISABLE KEYS */;
INSERT INTO `product` VALUES (1,'Детский домашний спорткомплекс \"Орленок-1А плюс+\" Обрезиненные перекладины лестницы обеспечат комфорт и безопасность.','лестница#кольца#канат','Ширина комплекса:525 мм#Ширина турника:950 мм#Ширина металлической перекладины: 450 мм#Высота комплекса: 2300 мм#Высота турника регулируется:от 1560 до 2020 мм','noimage.png','orlenok-1c','ДСК \"Стелла\" - 1С',3440,NULL,'Спортивный комплекс широкого применения, для всех возрастов','dsk-wall'),(2,'Трехколесный велосипед повышенной комфортности','Корзина#Солнцезащитный тент#Металлическая рама#\"Родительская\" ручка управления#Поддон для ног#Страховочный обод#Мягкая резина','','noimage.png','stella-1cplus','Велосипед 3-х колёсный \"Бамбино\" (Т12)',5250,NULL,'Трехколосный вездеход для малышей','dsk-wall');
/*!40000 ALTER TABLE `product` ENABLE KEYS */;
UNLOCK TABLES;
/*!40103 SET TIME_ZONE=@OLD_TIME_ZONE */;

/*!40101 SET SQL_MODE=@OLD_SQL_MODE */;
/*!40014 SET FOREIGN_KEY_CHECKS=@OLD_FOREIGN_KEY_CHECKS */;
/*!40014 SET UNIQUE_CHECKS=@OLD_UNIQUE_CHECKS */;
/*!40101 SET CHARACTER_SET_CLIENT=@OLD_CHARACTER_SET_CLIENT */;
/*!40101 SET CHARACTER_SET_RESULTS=@OLD_CHARACTER_SET_RESULTS */;
/*!40101 SET COLLATION_CONNECTION=@OLD_COLLATION_CONNECTION */;
/*!40111 SET SQL_NOTES=@OLD_SQL_NOTES */;

-- Dump completed on 2012-06-18 18:41:36
